name,id,nametype,recclass,mass,year,lat,lng
Meteorite_26,10026,Valid,H4,3963.6,1800,-29.9668,39.8382
Meteorite_41,10041,Valid,LL6,37.32,1800,33.2227,26.9698
Meteorite_458,10458,Valid,LL6,7330.32,1800,40.1534,-120.8688
Meteorite_97,10097,Valid,H4,28.42,1801,63.4018,4.9707
Meteorite_444,10444,Valid,H5,1073.62,1801,-19.5575,19.985
Meteorite_471,10471,Valid,H4,3602.13,1801,36.2653,37.2854
Meteorite_38,10038,Valid,LL5,34427.22,1803,-18.2703,19.8133
Meteorite_100,10100,Valid,L6,299.57,1803,-21.8864,-62.354
Meteorite_107,10107,Valid,H5,726.86,1803,35.4661,103.9765
Meteorite_216,10216,Valid,LL6,618.65,1803,63.323,20.7435
Meteorite_290,10290,Valid,L5,479.8,1803,47.6912,-92.0434
Meteorite_319,10319,Valid,LL6,4894.81,1803,59.7991,95.4929
Meteorite_0,10000,Valid,LL5,367.06,1804,34.007,119.8959
Meteorite_257,10257,Valid,H5,837.0,1804,16.2905,13.4225
Meteorite_378,10378,Valid,H6,509.82,1804,24.6132,90.197
Meteorite_154,10154,Valid,H4,53610.83,1805,57.5259,-2.1438
Meteorite_249,10249,Valid,L4,41.4,1805,43.3584,-82.5194
Meteorite_424,10424,Valid,H4/5,55.66,1805,37.4488,99.3408
Meteorite_469,10469,Valid,L4,820.55,1805,47.3651,-120.7779
Meteorite_86,10086,Valid,H6,31.02,1806,-30.9493,-43.6155
Meteorite_182,10182,Valid,L6,31.41,1806,40.7129,-5.3248
Meteorite_255,10255,Valid,LL5,104.31,1806,59.768,34.7299
Meteorite_163,10163,Valid,LL5,1297.03,1807,35.5395,39.054
Meteorite_331,10331,Valid,LL5,3904.77,1807,-38.5399,-62.4014
Meteorite_482,10482,Valid,L5,68669.19,1807,-39.0384,-65.0971
Meteorite_115,10115,Valid,LL5,26.38,1808,-20.0817,-43.0135
Meteorite_269,10269,Valid,L5,31.62,1808,49.3964,12.8619
Meteorite_294,10294,Valid,H5,84014.3,1808,-16.5378,135.8913
Meteorite_342,10342,Valid,CM2,20.34,1808,60.2794,39.9192
Meteorite_391,10391,Valid,H5,146.88,1808,36.9029,5.4455
Meteorite_84,10084,Valid,CM2,137.67,1809,12.8986,19.039
Meteorite_39,10039,Valid,L6,1373.39,1810,10.8313,37.9407
Meteorite_176,10176,Valid,L5,820.53,1810,50.6818,37.7775
Meteorite_205,10205,Valid,H4,31.27,1810,-19.5408,-57.3068
Meteorite_119,10119,Valid,CM2,785.15,1812,-26.9764,27.7438
Meteorite_178,10178,Valid,CM2,17276.19,1812,15.0304,134.166
Meteorite_316,10316,Valid,L6,17557.33,1812,56.1125,95.7927
Meteorite_297,10297,Valid,L5,211.94,1813,-32.609,-52.4022
Meteorite_44,10044,Valid,H5,9.98,1814,12.2981,24.7816
Meteorite_355,10355,Valid,H6,4228.79,1814,-28.2936,147.9438
Meteorite_156,10156,Valid,CM2,6121.01,1815,31.4293,-105.0051
Meteorite_289,10289,Valid,H5,23821.37,1815,42.646,-87.2989
Meteorite_362,10362,Valid,L4,102.36,1815,-19.6683,142.7565
Meteorite_258,10258,Valid,LL5,29.53,1816,-15.0603,-60.7445
Meteorite_397,10397,Valid,H5,11.19,1816,68.555,-6.2087
Meteorite_3,10003,Valid,H6,8494.6,1817,-3.789,28.1354
Meteorite_231,10231,Valid,L5,28.81,1817,-28.8216,-50.4823
Meteorite_336,10336,Valid,H4/5,20.19,1817,-14.6447,-69.3275
Meteorite_125,10125,Valid,L5,24873.87,1818,27.4096,-120.7555
Meteorite_283,10283,Valid,L4,458.78,1818,44.6647,73.9997
Meteorite_402,10402,Valid,H4,5267.89,1818,-26.9354,-68.5957
Meteorite_442,10442,Valid,L4,14.75,1818,66.5118,28.2245
Meteorite_226,10226,Valid,L5,493.72,1819,9.8792,30.6621
Meteorite_412,10412,Valid,H5,1417.26,1821,-14.3926,-68.0493
Meteorite_12,10012,Valid,L5,8.05,1822,-31.2217,-52.8909
Meteorite_13,10013,Valid,H5,233.73,1822,-28.6314,-47.4283
Meteorite_129,10129,Valid,L6,34.27,1822,41.0261,-103.5154
Meteorite_326,10326,Valid,LL6,11.09,1822,-12.2721,24.7547
Meteorite_447,10447,Valid,LL6,225.95,1822,38.6467,-75.7351
Meteorite_30,10030,Valid,L4,25.08,1823,47.6312,-99.9299
Meteorite_318,10318,Valid,H5,15406.46,1823,-6.5339,11.4067
Meteorite_58,10058,Valid,H4,556.94,1824,26.3901,-71.1637
Meteorite_133,10133,Valid,CM2,224.86,1824,45.9626,3.3364
Meteorite_213,10213,Valid,CM2,106.0,1824,-34.8978,-52.7044
Meteorite_266,10266,Valid,H4,3798.85,1824,-16.3689,142.3041
Meteorite_279,10279,Valid,L5,6309.34,1824,17.3393,17.8496
Meteorite_93,10093,Valid,LL6,825.78,1825,58.6411,27.4045
Meteorite_113,10113,Valid,H6,95.87,1825,61.5827,3.4375
Meteorite_206,10206,Valid,H6,1052.13,1825,26.1915,-108.6448
Meteorite_227,10227,Valid,LL6,1347.4,1825,-26.2057,-51.0805
Meteorite_189,10189,Valid,LL5,2287.47,1826,-32.5133,-64.9888
Meteorite_164,10164,Valid,H4,2670.45,1827,-16.3788,137.3333
Meteorite_180,10180,Valid,H6,144.87,1827,-33.7809,16.416
Meteorite_327,10327,Valid,LL6,449.58,1827,42.5344,-120.0385
Meteorite_337,10337,Valid,L6,29076.14,1827,-10.0736,-55.1933
Meteorite_1,10001,Valid,L4,18.32,1828,58.0634,65.3297
Meteorite_70,10070,Valid,L6,9.11,1828,-22.2889,-51.7315
Meteorite_296,10296,Valid,H6,1606.76,1828,-15.2242,126.7926
Meteorite_452,10452,Valid,H6,4230.06,1828,41.9106,-89.8405
Meteorite_10,10010,Valid,L4,427.92,1829,-38.3867,-55.4984
Meteorite_221,10221,Valid,LL6,50105.01,1829,-13.6388,-59.7864
Meteorite_383,10383,Valid,CM2,202.64,1829,-19.8535,17.9323
Meteorite_309,10309,Valid,L5,62115.84,1830,29.2823,-95.8274
Meteorite_454,10454,Valid,H4,14578.18,1830,-21.1282,110.6386
Meteorite_8,10008,Valid,H5,48208.4,1831,-30.2539,-56.2637
Meteorite_40,10040,Valid,LL6,2823.08,1831,37.2273,94.0054
Meteorite_448,10448,Valid,L5,79.04,1831,-13.0867,-67.8184
Meteorite_298,10298,Valid,CM2,3784.31,1832,46.2062,19.7143
Meteorite_4,10004,Valid,H4/5,23.37,1833,-19.6269,140.8607
Meteorite_73,10073,Valid,LL6,455.63,1833,-26.4795,121.678
Meteorite_274,10274,Valid,L5,13.6,1833,22.2472,105.5555
Meteorite_287,10287,Valid,LL6,164.42,1833,-28.0185,141.3965
Meteorite_108,10108,Valid,H4,22.41,1834,35.5242,-123.52
Meteorite_228,10228,Valid,CM2,27.93,1835,40.9351,-9.8372
Meteorite_51,10051,Valid,L5,9728.51,1836,33.1055,14.7709
Meteorite_273,10273,Valid,L5,9642.13,1836,-18.649,127.8863
Meteorite_69,10069,Valid,CM2,64823.38,1837,-19.3896,132.3492
Meteorite_243,10243,Valid,CM2,70.01,1837,29.1488,-84.9442
Meteorite_430,10430,Valid,H5,29.72,1837,60.6378,12.5604
Meteorite_434,10434,Valid,L4,130.85,1838,15.2368,14.0215
Meteorite_2,10002,Valid,L6,1274.9,1839,40.6944,-118.3428
Meteorite_457,10457,Valid,LL5,22.16,1839,-8.47,35.3006
Meteorite_17,10017,Valid,H4/5,51407.84,1840,-35.7639,-58.6118
Meteorite_192,10192,Valid,LL5,14.29,1840,-32.0942,114.3931
Meteorite_248,10248,Valid,L4,1970.61,1840,50.0916,38.7328
Meteorite_321,10321,Valid,H5,23.22,1840,13.5338,119.3572
Meteorite_5,10005,Valid,L4,9357.42,1841,59.0548,60.1182
Meteorite_52,10052,Valid,H4,15.95,1841,-29.2909,129.5495
Meteorite_110,10110,Valid,L6,17.73,1841,-16.8639,28.5044
Meteorite_215,10215,Valid,H4,9588.16,1841,41.4237,-84.3722
Meteorite_253,10253,Valid,H4/5,1092.82,1841,37.1597,-74.8755
Meteorite_293,10293,Valid,L5,15337.94,1841,-38.4683,117.8522
Meteorite_433,10433,Valid,CM2,1752.7,1841,27.5463,-120.5179
Meteorite_195,10195,Valid,LL6,22.56,1842,-10.5003,-57.8037
Meteorite_282,10282,Valid,LL6,930.82,1842,-29.6652,-51.6796
Meteorite_417,10417,Valid,H6,22.8,1842,-27.0554,-68.366
Meteorite_438,10438,Valid,L4,14988.34,1842,25.7773,29.5148
Meteorite_24,10024,Valid,L4,3020.04,1843,63.1305,8.904
Meteorite_114,10114,Valid,L6,369.02,1843,-38.4064,136.8417
Meteorite_426,10426,Valid,L4,4.15,1843,-21.1776,121.4975
Meteorite_172,10172,Valid,LL5,2693.16,1844,51.1778,4.9368
Meteorite_483,10483,Valid,H4,20.68,1844,29.2711,28.6387
Meteorite_117,10117,Valid,H6,798.72,1845,41.9336,90.1775
Meteorite_475,10475,Valid,H4/5,16.9,1845,23.0823,69.4191
Meteorite_112,10112,Valid,LL5,1716.64,1846,-15.6538,25.2379
Meteorite_48,10048,Valid,H4,2681.7,1847,34.5411,-97.5727
Meteorite_72,10072,Valid,H4/5,23812.17,1847,42.7589,-88.4286
Meteorite_149,10149,Valid,L5,879.5,1847,46.8008,-119.8474
Meteorite_394,10394,Valid,L5,56.1,1847,50.7013,-3.8959
Meteorite_425,10425,Valid,L4,8423.29,1847,39.6571,104.1199
Meteorite_311,10311,Valid,CM2,4674.99,1848,25.8915,93.9207
Meteorite_381,10381,Valid,LL6,72531.63,1848,58.2745,108.2335
Meteorite_414,10414,Valid,H4,138.34,1848,-13.9059,-62.4002
Meteorite_102,10102,Valid,H4,48.79,1849,37.2128,96.7132
Meteorite_11,10011,Valid,CM2,8772.32,1851,17.4024,121.7287
Meteorite_118,10118,Valid,H5,112.99,1851,16.0038,92.5076
Meteorite_126,10126,Valid,L5,24309.71,1851,62.8776,31.6849
Meteorite_237,10237,Valid,H5,5836.47,1851,37.165,3.5686
Meteorite_111,10111,Valid,L4,66078.98,1852,17.4406,62.3267
Meteorite_204,10204,Valid,L6,59.43,1852,51.0297,97.4645
Meteorite_307,10307,Valid,CM2,150.13,1853,37.8455,79.2494
Meteorite_223,10223,Valid,H4/5,3112.36,1854,36.1671,23.112
Meteorite_264,10264,Valid,L5,189.08,1854,6.5682,12.7459
Meteorite_333,10333,Valid,LL6,103.11,1854,45.2803,12.4516
Meteorite_304,10304,Valid,H6,221.19,1855,58.7485,114.1391
Meteorite_360,10360,Valid,L4,767.13,1856,-12.7206,111.6118
Meteorite_374,10374,Valid,H6,7182.36,1856,39.4452,-3.9737
Meteorite_455,10455,Valid,H4/5,68.95,1856,-18.8768,-48.8219
Meteorite_499,10499,Valid,CM2,62.57,1856,37.9495,-7.2234
Meteorite_229,10229,Valid,H5,18986.08,1857,-38.9469,117.3643
Meteorite_380,10380,Valid,H6,16.54,1857,-35.7684,131.7791
Meteorite_56,10056,Valid,H4,14.5,1858,40.1129,5.6655
Meteorite_259,10259,Valid,LL5,3817.18,1858,35.2846,-90.0663
Meteorite_461,10461,Valid,L6,986.41,1858,41.4933,6.3988
Meteorite_175,10175,Valid,LL5,25.74,1859,-26.1038,24.9974
Meteorite_445,10445,Valid,H5,115.61,1859,27.8169,-93.0413
Meteorite_443,10443,Valid,H6,55.24,1860,26.3665,15.0295
Meteorite_25,10025,Valid,H4,770.79,1861,-11.9506,-49.819
Meteorite_299,10299,Valid,H4,45.98,1861,29.9802,26.7935
Meteorite_367,10367,Valid,H6,7480.16,1861,59.0918,16.9183
Meteorite_79,10079,Valid,H5,28.03,1863,-24.4642,132.5394
Meteorite_9,10009,Valid,H5,1393.5,1864,-36.1755,-52.3873
Meteorite_75,10075,Valid,H6,36.36,1864,39.1203,119.2748
Meteorite_325,10325,Valid,L6,3674.15,1864,45.1142,79.5404
Meteorite_435,10435,Valid,H4,2542.08,1864,-38.7477,118.739
Meteorite_451,10451,Valid,LL6,130.02,1864,-39.4655,129.8592
Meteorite_32,10032,Valid,L4,35.11,1865,40.7996,95.0916
Meteorite_171,10171,Valid,H5,37.06,1865,42.3751,6.6642
Meteorite_370,10370,Valid,H4,10233.08,1865,-14.4899,126.102
Meteorite_492,10492,Valid,LL5,33.82,1865,39.0511,128.4375
Meteorite_185,10185,Valid,H4,698.81,1866,37.7483,-8.3729
Meteorite_477,10477,Valid,H6,459.42,1866,40.4916,125.3588
Meteorite_121,10121,Valid,L4,767.22,1867,40.8794,129.5844
Meteorite_179,10179,Valid,L6,1186.29,1867,20.571,80.3178
Meteorite_320,10320,Valid,H4,10.03,1867,36.5916,-122.7486
Meteorite_7,10007,Valid,H5,524.52,1868,-33.4517,-45.0134
Meteorite_82,10082,Valid,H6,17665.35,1869,-35.0172,-56.4458
Meteorite_308,10308,Valid,L4,179.01,1870,-12.3966,-65.9874
Meteorite_328,10328,Valid,H4,178.02,1870,-34.0844,-51.9279
Meteorite_335,10335,Valid,H4,6623.13,1870,18.8204,31.6581
Meteorite_346,10346,Valid,L6,46982.05,1870,42.693,-82.9339
Meteorite_419,10419,Valid,H6,12.24,1870,12.4785,16.3402
Meteorite_463,10463,Valid,L4,18802.49,1870,-30.0946,-47.3074
Meteorite_401,10401,Valid,L6,34.39,1871,-33.1675,-52.9421
Meteorite_415,10415,Valid,H6,64923.24,1871,8.3809,20.9434
Meteorite_478,10478,Valid,L5,40081.6,1871,29.0241,-72.1878
Meteorite_219,10219,Valid,L5,224.97,1872,46.7645,27.3348
Meteorite_339,10339,Valid,LL6,1137.02,1872,-30.5984,-50.1091
Meteorite_399,10399,Valid,LL6,15.23,1872,-21.1966,-62.254
Meteorite_23,10023,Valid,H4/5,103.09,1873,-18.2169,134.8065
Meteorite_363,10363,Valid,L6,150.15,1873,-29.6255,-60.3663
Meteorite_78,10078,Valid,CM2,1289.94,1875,-11.7408,110.4293
Meteorite_313,10313,Valid,L5,3462.77,1877,50.553,102.6126
Meteorite_83,10083,Valid,L6,3552.59,1878,40.2974,97.0585
Meteorite_141,10141,Valid,L4,28.76,1878,44.5965,34.6752
Meteorite_446,10446,Valid,LL6,2027.34,1878,-17.817,145.9554
Meteorite_486,10486,Valid,H5,1501.72,1878,-37.2918,-48.9037
Meteorite_96,10096,Valid,LL5,13074.3,1879,49.7279,-113.7611
Meteorite_379,10379,Valid,H5,24599.99,1879,58.5625,98.0135
Meteorite_322,10322,Valid,H5,938.91,1880,-31.8571,137.7901
Meteorite_453,10453,Valid,L6,10949.73,1880,14.9555,36.289
Meteorite_27,10027,Valid,L5,576.52,1881,-33.283,-51.5391
Meteorite_66,10066,Valid,LL6,44.2,1881,-27.2457,125.3295
Meteorite_166,10166,Valid,CM2,13.34,1881,15.7945,92.5215
Meteorite_160,10160,Valid,H6,5187.23,1882,58.4023,-2.3378
Meteorite_211,10211,Valid,H4,1370.39,1882,20.464,130.9091
Meteorite_61,10061,Valid,H6,2635.11,1883,28.3017,-81.3566
Meteorite_152,10152,Valid,L5,25351.67,1883,-23.1878,-68.9574
Meteorite_270,10270,Valid,H4,2817.02,1883,29.0441,-121.0243
Meteorite_329,10329,Valid,LL6,29936.28,1883,-21.9904,-62.2672
Meteorite_439,10439,Valid,L6,37049.99,1883,-29.6927,125.887
Meteorite_476,10476,Valid,L6,31.0,1884,52.9787,67.983
Meteorite_68,10068,Valid,H5,102.18,1885,26.1599,99.6964
Meteorite_169,10169,Valid,L6,4503.09,1886,26.5499,20.7275
Meteorite_354,10354,Valid,H4,2111.52,1886,-20.9318,129.5891
Meteorite_413,10413,Valid,L6,31.91,1886,-26.6193,123.9316
Meteorite_157,10157,Valid,L4,1634.07,1887,27.2345,-77.0639
Meteorite_416,10416,Valid,H4,707.37,1887,10.8098,35.4849
Meteorite_225,10225,Valid,L6,13866.79,1889,41.666,113.7849
Meteorite_357,10357,Valid,LL6,16267.15,1889,-16.6429,-46.5625
Meteorite_398,10398,Valid,LL6,3566.7,1889,29.1581,26.7121
Meteorite_199,10199,Valid,H4/5,127.82,1890,-34.9496,110.8331
Meteorite_456,10456,Valid,LL6,24.65,1890,-14.3009,110.0238
Meteorite_76,10076,Valid,LL5,12207.1,1891,-20.5438,-65.8985
Meteorite_356,10356,Valid,LL6,9462.78,1893,14.0349,115.9292
Meteorite_177,10177,Valid,H6,15.24,1894,41.2262,-106.0745
Meteorite_207,10207,Valid,LL5,2090.39,1894,33.4483,-88.4128
Meteorite_420,10420,Valid,H6,461.83,1894,35.8282,-96.3334
Meteorite_89,10089,Valid,H5,18645.46,1895,2.9359,34.8935
Meteorite_233,10233,Valid,H5,418.4,1895,-30.5798,137.837
Meteorite_495,10495,Valid,H4/5,9019.89,1895,-10.426,119.8624
Meteorite_63,10063,Valid,L6,45.82,1896,46.0408,-104.0865
Meteorite_132,10132,Valid,H4/5,11.93,1896,-35.0557,-47.7836
Meteorite_235,10235,Valid,LL5,2110.95,1896,42.3915,-96.4839
Meteorite_302,10302,Valid,LL6,267.1,1896,-2.6475,10.6307
Meteorite_305,10305,Valid,LL6,3399.76,1897,50.6972,-8.8136
Meteorite_350,10350,Valid,CM2,108.34,1897,-14.6918,131.8866
Meteorite_57,10057,Valid,CM2,243.08,1898,67.858,-6.5386
Meteorite_375,10375,Valid,H6,1115.36,1898,43.302,-6.3297
Meteorite_33,10033,Valid,CM2,50.75,1899,48.9811,-87.3002
Meteorite_134,10134,Valid,LL5,4744.76,1899,-20.4243,127.024
Meteorite_372,10372,Valid,H5,1010.84,1899,51.2556,117.6851
Meteorite_473,10473,Valid,L4,31.66,1899,12.7708,124.5055
Meteorite_120,10120,Valid,CM2,17.41,1900,28.947,-74.2396
Meteorite_275,10275,Valid,H4/5,14.3,1900,48.5106,136.529
Meteorite_285,10285,Valid,H4,56852.8,1900,50.7079,33.4385
Meteorite_388,10388,Valid,H4/5,96.06,1900,26.6497,-97.1342
Meteorite_80,10080,Valid,CM2,11233.76,1901,14.1648,136.2244
Meteorite_250,10250,Valid,CM2,37949.25,1901,47.3371,26.3282
Meteorite_465,10465,Valid,LL6,9.73,1901,21.0579,68.1522
Meteorite_490,10490,Valid,LL6,89.52,1901,48.6475,-95.659
Meteorite_165,10165,Valid,H4/5,24119.55,1902,-18.3207,129.7649
Meteorite_460,10460,Valid,CM2,6067.82,1902,51.8502,108.5093
Meteorite_406,10406,Valid,H5,17138.93,1903,-32.7267,37.8136
Meteorite_170,10170,Valid,L6,2843.03,1905,44.6721,63.422
Meteorite_167,10167,Valid,CM2,153.82,1906,66.5941,10.4028
Meteorite_369,10369,Valid,H6,5735.1,1906,-24.087,122.8987
Meteorite_409,10409,Valid,LL5,37.57,1907,34.507,23.4896
Meteorite_47,10047,Valid,H5,15605.18,1908,-25.6124,-47.8742
Meteorite_376,10376,Valid,LL5,726.04,1908,-14.5902,139.3676
Meteorite_389,10389,Valid,L4,103.14,1909,-15.0843,120.5375
Meteorite_85,10085,Valid,LL6,69.77,1910,31.5159,-93.9219
Meteorite_276,10276,Valid,H4/5,66471.11,1911,-13.1624,-52.3618
Meteorite_139,10139,Valid,LL5,216.17,1912,15.0592,91.5108
Meteorite_242,10242,Valid,LL5,2081.04,1913,-36.1832,-53.7466
Meteorite_77,10077,Valid,L5,88.74,1914,-29.5394,-44.971
Meteorite_137,10137,Valid,L6,10711.51,1914,32.9471,82.4099
Meteorite_387,10387,Valid,CM2,40.38,1914,-30.706,120.2125
Meteorite_407,10407,Valid,H4/5,276.72,1914,69.8685,13.5386
Meteorite_191,10191,Valid,H5,852.5,1915,-22.6433,131.3373
Meteorite_343,10343,Valid,CM2,2220.0,1915,-25.3676,-44.2246
Meteorite_373,10373,Valid,H4,30.41,1915,-16.4656,-56.8953
Meteorite_162,10162,Valid,H4/5,85.11,1916,48.9758,11.5509
Meteorite_440,10440,Valid,L5,94.22,1916,-20.5836,141.448
Meteorite_145,10145,Valid,H4,79.52,1917,46.1315,-90.7718
Meteorite_441,10441,Valid,L4,73.46,1917,13.6964,15.1994
Meteorite_101,10101,Valid,H6,102.3,1918,42.5248,-110.9354
Meteorite_50,10050,Valid,LL5,9.85,1919,-14.8362,143.8046
Meteorite_81,10081,Valid,LL6,2430.65,1919,48.2526,95.5446
Meteorite_196,10196,Valid,L4,48.77,1919,27.8001,-96.844
Meteorite_314,10314,Valid,H5,945.41,1919,59.1229,111.7993
Meteorite_267,10267,Valid,LL5,2235.35,1920,-23.8537,-66.9046
Meteorite_484,10484,Valid,H5,12.16,1920,-17.0766,-68.4863
Meteorite_151,10151,Valid,H4/5,401.21,1921,68.167,-0.9042
Meteorite_123,10123,Valid,LL6,1711.82,1922,49.8489,-80.6064
Meteorite_349,10349,Valid,LL6,11.85,1922,49.2846,-107.6532
Meteorite_359,10359,Valid,L6,13230.24,1922,61.9422,10.3472
Meteorite_315,10315,Valid,CM2,289.52,1923,58.8211,22.2418
Meteorite_472,10472,Valid,CM2,89.67,1923,65.9418,10.0708
Meteorite_371,10371,Valid,L6,9393.87,1924,-33.8622,-61.3006
Meteorite_481,10481,Valid,H5,11311.26,1924,-18.8413,-62.6168
Meteorite_334,10334,Valid,L5,9838.55,1925,-39.9843,114.7452
Meteorite_449,10449,Valid,L6,826.22,1925,40.8582,133.6998
Meteorite_34,10034,Valid,L6,40246.41,1926,-23.6768,28.4132
Meteorite_236,10236,Valid,L5,4825.14,1926,-13.0566,128.7666
Meteorite_271,10271,Valid,H5,1598.17,1926,-17.4413,147.7259
Meteorite_272,10272,Valid,H5,7116.91,1926,29.8878,28.2246
Meteorite_142,10142,Valid,CM2,1559.28,1927,-22.2969,-52.5073
Meteorite_203,10203,Valid,L4,60.89,1927,-35.2209,-52.1102
Meteorite_201,10201,Valid,H4/5,558.68,1928,-31.1417,113.5173
Meteorite_377,10377,Valid,H4,945.01,1928,-25.2749,38.3178
Meteorite_392,10392,Valid,H5,21670.78,1928,64.8052,-4.7547
Meteorite_187,10187,Valid,LL6,457.74,1929,57.3476,85.9857
Meteorite_358,10358,Valid,LL5,30.92,1929,31.1106,96.5826
Meteorite_288,10288,Valid,L4,18.07,1931,-23.061,-52.3453
Meteorite_431,10431,Valid,H4,1955.22,1931,52.365,-7.1414
Meteorite_224,10224,Valid,CM2,134.89,1932,-34.1611,144.8301
Meteorite_262,10262,Valid,H4/5,227.88,1932,32.3035,107.7302
Meteorite_497,10497,Valid,H5,15.31,1932,54.2463,-5.6847
Meteorite_190,10190,Valid,LL5,143.77,1933,17.0428,27.5382
Meteorite_146,10146,Valid,LL6,725.93,1934,55.6366,21.2852
Meteorite_193,10193,Valid,CM2,5260.12,1934,-23.4725,141.2514
Meteorite_324,10324,Valid,H5,428.39,1934,54.6976,123.5673
Meteorite_330,10330,Valid,H4/5,4194.23,1935,-9.6653,25.2129
Meteorite_462,10462,Valid,L6,150.1,1935,10.1454,38.6496
Meteorite_200,10200,Valid,L6,5021.81,1936,27.2148,-116.554
Meteorite_301,10301,Valid,H4,99.61,1936,16.7645,19.1137
Meteorite_99,10099,Valid,H5,295.49,1937,56.7755,121.1311
Meteorite_450,10450,Valid,H5,152.17,1937,-28.7231,-56.206
Meteorite_54,10054,Valid,L4,38.02,1938,30.317,-82.6104
Meteorite_468,10468,Valid,LL5,11.69,1939,59.439,127.7727
Meteorite_21,10021,Valid,H4/5,1907.63,1940,-27.2943,-68.9073
Meteorite_19,10019,Valid,L4,5428.62,1941,38.2763,-6.7816
Meteorite_214,10214,Valid,H4/5,965.2,1942,42.9784,-3.9489
Meteorite_65,10065,Valid,CM2,820.32,1944,40.7349,32.4603
Meteorite_252,10252,Valid,LL5,10.55,1944,45.315,10.1674
Meteorite_384,10384,Valid,L6,10198.71,1944,36.0353,-105.1581
Meteorite_485,10485,Valid,H5,2298.79,1945,-11.3886,-43.3247
Meteorite_106,10106,Valid,L6,1138.64,1946,-11.4392,-69.6636
Meteorite_341,10341,Valid,H4,479.33,1946,48.3091,-4.6577
Meteorite_423,10423,Valid,LL5,6281.0,1946,-23.2471,145.4078
Meteorite_105,10105,Valid,H5,6463.73,1947,-16.1904,-40.6387
Meteorite_161,10161,Valid,L5,156.08,1947,-35.5157,-48.597
Meteorite_351,10351,Valid,LL5,227.66,1947,26.9353,-110.4612
Meteorite_459,10459,Valid,H4,923.74,1948,32.1024,-86.0689
Meteorite_59,10059,Valid,H6,2789.42,1949,-35.0746,-62.1434
Meteorite_268,10268,Valid,L6,237.21,1950,-31.2183,-52.5043
Meteorite_286,10286,Valid,H6,195.97,1950,55.657,9.0911
Meteorite_317,10317,Valid,LL6,310.08,1950,31.6567,100.0384
Meteorite_31,10031,Valid,H5,519.86,1951,56.6269,23.3644
Meteorite_158,10158,Valid,H5,13.78,1951,47.1407,16.8857
Meteorite_410,10410,Valid,L6,135.55,1951,-21.5467,-62.8416
Meteorite_480,10480,Valid,LL5,2600.33,1951,21.4071,91.2199
Meteorite_124,10124,Valid,H5,845.21,1952,45.9953,-120.7459
Meteorite_251,10251,Valid,L6,18280.76,1953,53.2602,-4.3854
Meteorite_62,10062,Valid,H6,9.48,1954,-19.8277,-58.3098
Meteorite_147,10147,Valid,L6,13.16,1954,44.8203,114.7725
Meteorite_186,10186,Valid,L6,785.84,1954,16.413,24.7804
Meteorite_390,10390,Valid,LL6,121.31,1954,17.2216,31.3125
Meteorite_91,10091,Valid,H4,50325.97,1956,42.6242,87.3299
Meteorite_95,10095,Valid,H5,9.82,1956,47.1848,-75.092
Meteorite_148,10148,Valid,H4/5,153.5,1956,-11.1824,27.1366
Meteorite_261,10261,Valid,LL5,1159.11,1956,-8.4346,35.9961
Meteorite_131,10131,Valid,H5,7958.7,1957,53.4255,14.2749
Meteorite_244,10244,Valid,H4/5,174.77,1957,-5.9795,27.1958
Meteorite_403,10403,Valid,H5,103.69,1957,38.3662,-90.4767
Meteorite_432,10432,Valid,L5,69.05,1957,-35.8022,120.6196
Meteorite_53,10053,Valid,H6,2736.42,1958,43.2346,-110.2679
Meteorite_43,10043,Valid,L6,14994.1,1959,46.0311,8.2561
Meteorite_60,10060,Valid,L4,183.46,1959,37.9383,-103.7243
Meteorite_74,10074,Valid,L5,12.56,1959,-14.4824,-62.6513
Meteorite_278,10278,Valid,L5,26.21,1959,47.2705,9.0016
Meteorite_281,10281,Valid,H6,25055.53,1961,41.494,-112.0044
Meteorite_284,10284,Valid,L4,31309.67,1961,-18.4558,124.3808
Meteorite_489,10489,Valid,LL6,37.08,1961,-20.3744,10.7052
Meteorite_150,10150,Valid,H4/5,7.87,1962,54.1365,-5.4699
Meteorite_256,10256,Valid,H5,20.34,1962,-16.6758,23.5434
Meteorite_122,10122,Valid,LL5,13.82,1963,-18.7153,118.6223
Meteorite_218,10218,Valid,H4/5,480.8,1963,-34.9912,134.7587
Meteorite_245,10245,Valid,L5,67774.59,1964,28.7664,116.7066
Meteorite_71,10071,Valid,LL6,136.32,1965,-2.9584,34.787
Meteorite_217,10217,Valid,H4,12335.02,1965,-27.0168,-58.8912
Meteorite_295,10295,Valid,LL5,4415.28,1966,29.4096,-98.175
Meteorite_437,10437,Valid,H4/5,68.05,1966,-18.0566,115.519
Meteorite_292,10292,Valid,L4,4355.48,1967,-23.3526,-48.0744
Meteorite_306,10306,Valid,H4,3354.69,1967,25.0552,70.502
Meteorite_353,10353,Valid,L6,48.47,1967,-13.9613,126.9332
Meteorite_491,10491,Valid,L4,2723.83,1967,29.2846,10.5623
Meteorite_323,10323,Valid,L5,15209.64,1969,-17.961,-62.2691
Meteorite_385,10385,Valid,L6,22.84,1969,34.8345,-102.8136
Meteorite_109,10109,Valid,LL6,399.43,1971,-10.756,135.7302
Meteorite_396,10396,Valid,H4/5,778.7,1971,-32.1944,-54.9528
Meteorite_411,10411,Valid,LL6,54.62,1972,29.9632,77.5459
Meteorite_29,10029,Valid,L4,15.45,1973,45.2444,-87.8828
Meteorite_135,10135,Valid,H4/5,583.1,1973,33.0277,-113.9649
Meteorite_173,10173,Valid,CM2,11.07,1973,50.1865,21.1241
Meteorite_36,10036,Valid,LL5,431.62,1974,43.2374,20.5678
Meteorite_140,10140,Valid,H6,98.06,1974,50.0896,23.0146
Meteorite_428,10428,Valid,H5,518.31,1974,-23.9422,-53.625
Meteorite_487,10487,Valid,L4,170.2,1974,43.061,-75.5415
Meteorite_42,10042,Valid,H4,464.69,1975,-39.3632,-56.182
Meteorite_310,10310,Valid,H5,9907.41,1975,36.8924,-2.5654
Meteorite_332,10332,Valid,LL5,50.95,1975,28.2937,75.7531
Meteorite_467,10467,Valid,H5,539.25,1976,55.9015,90.7525
Meteorite_493,10493,Valid,L6,44.15,1976,-19.9116,-52.0089
Meteorite_168,10168,Valid,LL5,238.39,1977,44.2026,95.5507
Meteorite_404,10404,Valid,H4/5,10890.3,1977,43.1295,28.2626
Meteorite_16,10016,Valid,L5,9417.32,1978,53.7777,82.3608
Meteorite_395,10395,Valid,LL5,1208.25,1978,-37.1264,133.7733
Meteorite_464,10464,Valid,H5,35685.73,1978,25.9796,-71.8555
Meteorite_312,10312,Valid,LL6,93.62,1979,-6.7429,16.1881
Meteorite_421,10421,Valid,H4/5,216.34,1980,8.0788,11.8499
Meteorite_28,10028,Valid,L5,3784.73,1982,24.6057,61.1213
Meteorite_155,10155,Valid,LL6,1737.47,1982,27.8462,-74.0613
Meteorite_265,10265,Valid,L5,929.39,1982,-19.4654,-49.0438
Meteorite_37,10037,Valid,H6,36.38,1983,-13.8644,136.0935
Meteorite_94,10094,Valid,H6,1082.21,1983,-32.7528,123.1558
Meteorite_87,10087,Valid,LL6,15787.96,1984,-22.8138,130.5611
Meteorite_238,10238,Valid,H4/5,1782.13,1984,-2.2464,14.4639
Meteorite_240,10240,Valid,L6,8750.46,1984,65.3385,2.6513
Meteorite_393,10393,Valid,CM2,9.37,1984,-21.7074,142.6044
Meteorite_427,10427,Valid,LL5,68.12,1985,-26.6132,-45.1525
Meteorite_18,10018,Valid,H4,551.8,1987,28.9969,35.6431
Meteorite_405,10405,Valid,H5,189.45,1987,11.0998,122.4757
Meteorite_184,10184,Valid,CM2,35.11,1988,-24.2029,145.8701
Meteorite_382,10382,Valid,L6,278.7,1988,19.7128,131.5249
Meteorite_408,10408,Valid,L4,11.12,1988,-13.4847,-68.5975
Meteorite_22,10022,Valid,LL6,28.16,1990,33.8851,-98.4392
Meteorite_209,10209,Valid,CM2,714.45,1990,-27.2732,133.4074
Meteorite_181,10181,Valid,L4,155.73,1991,-22.482,-52.695
Meteorite_280,10280,Valid,L5,176.67,1991,36.4834,-117.1212
Meteorite_35,10035,Valid,LL6,50.7,1992,49.6333,10.8688
Meteorite_92,10092,Valid,L6,58.77,1992,-32.8851,-46.3508
Meteorite_104,10104,Valid,LL5,503.95,1993,39.0353,-105.5585
Meteorite_254,10254,Valid,LL6,287.15,1993,53.7937,22.2728
Meteorite_338,10338,Valid,H4/5,14488.73,1993,10.5262,123.5193
Meteorite_361,10361,Valid,H4,64.89,1993,65.6797,31.5244
Meteorite_474,10474,Valid,H4/5,17098.56,1993,26.9535,-95.8627
Meteorite_90,10090,Valid,LL6,463.85,1994,-34.7862,140.3455
Meteorite_130,10130,Valid,L4,132.12,1995,-39.2702,-60.793
Meteorite_153,10153,Valid,H4/5,143.08,1995,-27.4372,111.2572
Meteorite_159,10159,Valid,H4/5,127.49,1995,27.6642,90.9225
Meteorite_232,10232,Valid,LL5,16.76,1996,-20.1347,33.6953
Meteorite_247,10247,Valid,LL6,97.18,1996,-16.3654,133.9872
Meteorite_488,10488,Valid,LL6,13377.99,1997,-12.5621,22.694
Meteorite_347,10347,Valid,LL6,44.93,1998,-21.3343,-66.9431
Meteorite_212,10212,Valid,H6,364.65,1999,-33.2204,144.2888
Meteorite_418,10418,Valid,LL5,1553.91,1999,44.9595,-79.9524
Meteorite_183,10183,Valid,LL6,5361.63,2000,-13.2751,22.0256
Meteorite_222,10222,Valid,H4/5,5435.01,2000,46.2705,103.8608
Meteorite_241,10241,Valid,H5,486.42,2000,-28.6339,-52.3216
Meteorite_143,10143,Valid,H5,1419.17,2001,54.8183,23.4839
Meteorite_263,10263,Valid,LL5,98.73,2001,41.598,-109.2075
Meteorite_98,10098,Valid,H4,7076.45,2003,-25.4107,-48.6808
Meteorite_429,10429,Valid,L6,269.68,2003,15.2588,139.1525
Meteorite_6,10006,Valid,L5,2177.32,2004,18.9235,63.203
Meteorite_67,10067,Valid,L4,274.98,2004,-33.1329,35.3991
Meteorite_49,10049,Valid,LL5,1194.78,2005,51.3096,9.067
Meteorite_55,10055,Valid,H4/5,735.89,2005,-36.7489,-55.0591
Meteorite_202,10202,Valid,H5,4733.2,2005,-11.3717,110.0935
Meteorite_303,10303,Valid,L5,1300.14,2005,39.3027,20.328
Meteorite_494,10494,Valid,L5,412.63,2005,46.5792,-77.3723
Meteorite_15,10015,Valid,L6,223.25,2006,-12.2418,-47.4468
Meteorite_46,10046,Valid,LL5,418.5,2006,58.4058,28.4608
Meteorite_127,10127,Valid,H6,1946.94,2006,31.6493,25.6764
Meteorite_198,10198,Valid,H4/5,36085.7,2006,56.9698,23.1332
Meteorite_291,10291,Valid,H5,49.17,2007,-10.5505,136.6603
Meteorite_340,10340,Valid,LL5,13.33,2009,42.6937,7.2896
Meteorite_344,10344,Valid,LL5,16676.45,2009,-33.6694,135.2707
Meteorite_103,10103,Valid,L6,7334.86,2010,-10.8657,-63.6006
Meteorite_174,10174,Valid,H4,12551.02,2010,48.3141,-71.0822
Meteorite_230,10230,Valid,LL5,697.92,2011,31.424,-111.1005
Meteorite_466,10466,Valid,CM2,112.07,2011,-14.9658,117.4796
Meteorite_45,10045,Valid,H4,19.36,2012,31.3386,-72.4348
Meteorite_400,10400,Valid,H6,4500.47,2012,1.3262,32.9547
Meteorite_197,10197,Valid,L5,45.62,2013,-30.7921,114.8857
Meteorite_352,10352,Valid,L4,46.0,2013,34.9859,-74.4418
Meteorite_366,10366,Valid,CM2,774.59,2013,3.5266,14.7962
Meteorite_368,10368,Valid,H4/5,106.96,2013,48.5698,26.8525
Meteorite_386,10386,Valid,L4,15680.87,2013,55.5255,90.4531
Meteorite_20,10020,Valid,L5,1329.79,2014,-27.6391,-52.4634
Meteorite_116,10116,Valid,LL5,2583.14,2014,50.6185,63.1063
Meteorite_498,10498,Valid,H6,1092.85,2015,4.1168,11.6481
Meteorite_220,10220,Valid,H5,10506.45,2016,52.2393,70.5389
Meteorite_436,10436,Valid,LL6,5.19,2016,43.2433,-2.6871
Meteorite_345,10345,Valid,H4/5,1632.35,2017,30.7938,108.4187
Meteorite_364,10364,Valid,LL6,12295.31,2017,55.131,7.737
Meteorite_470,10470,Valid,H6,17248.64,2017,-15.9248,140.2453
Meteorite_479,10479,Valid,H6,1224.5,2017,41.9794,63.5628
Meteorite_64,10064,Valid,H4,104.64,2018,-21.8353,-58.1266
Meteorite_239,10239,Valid,LL6,831.74,2018,5.7834,14.0092
Meteorite_496,10496,Valid,LL5,8573.7,2018,-2.066,26.5587
Meteorite_136,10136,Valid,CM2,4423.25,2019,-25.1747,-63.7291
Meteorite_138,10138,Valid,LL5,9164.48,2019,-17.7935,-58.2524
Meteorite_246,10246,Valid,H4,82.55,2019,35.0631,-79.3661
Meteorite_300,10300,Valid,H4/5,353.97,2019,49.1911,-96.174
Meteorite_88,10088,Valid,H4,170.37,2020,-16.7372,147.0291
Meteorite_208,10208,Valid,H4/5,359.0,2020,35.0826,118.9786
Meteorite_210,10210,Valid,H4/5,44.08,2020,32.1289,-107.3591
Meteorite_14,10014,Valid,LL5,42.9,2021,-30.1589,-40.0273
Meteorite_348,10348,Valid,H4/5,428.91,2021,-28.5122,33.492
Meteorite_144,10144,Valid,LL6,21.43,2022,-21.1835,-51.3194
Meteorite_188,10188,Valid,L6,23249.36,2022,56.0585,21.7412
Meteorite_194,10194,Valid,CM2,50.95,2022,55.7606,38.5178
Meteorite_128,10128,Valid,H4/5,2512.13,2023,-29.4157,134.9092
Meteorite_234,10234,Valid,L4,558.58,2023,-10.9851,16.6313
Meteorite_260,10260,Valid,H6,2422.93,2023,8.8889,12.4316
Meteorite_277,10277,Valid,H6,7965.28,2023,-5.3673,20.2992
Meteorite_422,10422,Valid,L6,8.64,2023,-27.5253,-40.6909
Meteorite_365,10365,Valid,L5,17159.99,2024,-9.4173,36.9367
